x3,x2,x0,x1
http://example.org/gmark/25,http://example.org/gmark/42,http://example.org/gmark/45,http://example.org/gmark/45
http://example.org/gmark/28,http://example.org/gmark/42,http://example.org/gmark/45,http://example.org/gmark/45
http://example.org/gmark/36,http://example.org/gmark/42,http://example.org/gmark/45,http://example.org/gmark/45
http://example.org/gmark/31,http://example.org/gmark/42,http://example.org/gmark/45,http://example.org/gmark/45
http://example.org/gmark/33,http://example.org/gmark/42,http://example.org/gmark/45,http://example.org/gmark/45
http://example.org/gmark/26,http://example.org/gmark/42,http://example.org/gmark/45,http://example.org/gmark/45
http://example.org/gmark/27,http://example.org/gmark/42,http://example.org/gmark/45,http://example.org/gmark/45
http://example.org/gmark/29,http://example.org/gmark/42,http://example.org/gmark/45,http://example.org/gmark/45
http://example.org/gmark/35,http://example.org/gmark/42,http://example.org/gmark/45,http://example.org/gmark/45
http://example.org/gmark/39,http://example.org/gmark/42,http://example.org/gmark/45,http://example.org/gmark/45
http://example.org/gmark/37,http://example.org/gmark/42,http://example.org/gmark/45,http://example.org/gmark/45
http://example.org/gmark/32,http://example.org/gmark/42,http://example.org/gmark/45,http://example.org/gmark/45
http://example.org/gmark/25,http://example.org/gmark/44,http://example.org/gmark/45,http://example.org/gmark/45
http://example.org/gmark/28,http://example.org/gmark/44,http://example.org/gmark/45,http://example.org/gmark/45
http://example.org/gmark/36,http://example.org/gmark/44,http://example.org/gmark/45,http://example.org/gmark/45
http://example.org/gmark/31,http://example.org/gmark/44,http://example.org/gmark/45,http://example.org/gmark/45
http://example.org/gmark/33,http://example.org/gmark/44,http://example.org/gmark/45,http://example.org/gmark/45
http://example.org/gmark/26,http://example.org/gmark/44,http://example.org/gmark/45,http://example.org/gmark/45
http://example.org/gmark/27,http://example.org/gmark/44,http://example.org/gmark/45,http://example.org/gmark/45
http://example.org/gmark/29,http://example.org/gmark/44,http://example.org/gmark/45,http://example.org/gmark/45
http://example.org/gmark/35,http://example.org/gmark/44,http://example.org/gmark/45,http://example.org/gmark/45
http://example.org/gmark/39,http://example.org/gmark/44,http://example.org/gmark/45,http://example.org/gmark/45
http://example.org/gmark/37,http://example.org/gmark/44,http://example.org/gmark/45,http://example.org/gmark/45
http://example.org/gmark/32,http://example.org/gmark/44,http://example.org/gmark/45,http://example.org/gmark/45
http://example.org/gmark/25,http://example.org/gmark/41,http://example.org/gmark/45,http://example.org/gmark/45
http://example.org/gmark/28,http://example.org/gmark/41,http://example.org/gmark/45,http://example.org/gmark/45
http://example.org/gmark/36,http://example.org/gmark/41,http://example.org/gmark/45,http://example.org/gmark/45
http://example.org/gmark/31,http://example.org/gmark/41,http://example.org/gmark/45,http://example.org/gmark/45
http://example.org/gmark/33,http://example.org/gmark/41,http://example.org/gmark/45,http://example.org/gmark/45
http://example.org/gmark/26,http://example.org/gmark/41,http://example.org/gmark/45,http://example.org/gmark/45
http://example.org/gmark/27,http://example.org/gmark/41,http://example.org/gmark/45,http://example.org/gmark/45
http://example.org/gmark/29,http://example.org/gmark/41,http://example.org/gmark/45,http://example.org/gmark/45
http://example.org/gmark/35,http://example.org/gmark/41,http://example.org/gmark/45,http://example.org/gmark/45
http://example.org/gmark/39,http://example.org/gmark/41,http://example.org/gmark/45,http://example.org/gmark/45
http://example.org/gmark/37,http://example.org/gmark/41,http://example.org/gmark/45,http://example.org/gmark/45
http://example.org/gmark/32,http://example.org/gmark/41,http://example.org/gmark/45,http://example.org/gmark/45
http://example.org/gmark/25,http://example.org/gmark/40,http://example.org/gmark/45,http://example.org/gmark/45
http://example.org/gmark/28,http://example.org/gmark/40,http://example.org/gmark/45,http://example.org/gmark/45
http://example.org/gmark/36,http://example.org/gmark/40,http://example.org/gmark/45,http://example.org/gmark/45
http://example.org/gmark/31,http://example.org/gmark/40,http://example.org/gmark/45,http://example.org/gmark/45
http://example.org/gmark/33,http://example.org/gmark/40,http://example.org/gmark/45,http://example.org/gmark/45
http://example.org/gmark/26,http://example.org/gmark/40,http://example.org/gmark/45,http://example.org/gmark/45
http://example.org/gmark/27,http://example.org/gmark/40,http://example.org/gmark/45,http://example.org/gmark/45
http://example.org/gmark/29,http://example.org/gmark/40,http://example.org/gmark/45,http://example.org/gmark/45
http://example.org/gmark/35,http://example.org/gmark/40,http://example.org/gmark/45,http://example.org/gmark/45
http://example.org/gmark/39,http://example.org/gmark/40,http://example.org/gmark/45,http://example.org/gmark/45
http://example.org/gmark/37,http://example.org/gmark/40,http://example.org/gmark/45,http://example.org/gmark/45
http://example.org/gmark/32,http://example.org/gmark/40,http://example.org/gmark/45,http://example.org/gmark/45
http://example.org/gmark/25,http://example.org/gmark/43,http://example.org/gmark/45,http://example.org/gmark/45
http://example.org/gmark/28,http://example.org/gmark/43,http://example.org/gmark/45,http://example.org/gmark/45
http://example.org/gmark/36,http://example.org/gmark/43,http://example.org/gmark/45,http://example.org/gmark/45
http://example.org/gmark/31,http://example.org/gmark/43,http://example.org/gmark/45,http://example.org/gmark/45
http://example.org/gmark/33,http://example.org/gmark/43,http://example.org/gmark/45,http://example.org/gmark/45
http://example.org/gmark/26,http://example.org/gmark/43,http://example.org/gmark/45,http://example.org/gmark/45
http://example.org/gmark/27,http://example.org/gmark/43,http://example.org/gmark/45,http://example.org/gmark/45
http://example.org/gmark/29,http://example.org/gmark/43,http://example.org/gmark/45,http://example.org/gmark/45
http://example.org/gmark/35,http://example.org/gmark/43,http://example.org/gmark/45,http://example.org/gmark/45
http://example.org/gmark/39,http://example.org/gmark/43,http://example.org/gmark/45,http://example.org/gmark/45
http://example.org/gmark/37,http://example.org/gmark/43,http://example.org/gmark/45,http://example.org/gmark/45
http://example.org/gmark/32,http://example.org/gmark/43,http://example.org/gmark/45,http://example.org/gmark/45
http://example.org/gmark/29,http://example.org/gmark/44,http://example.org/gmark/46,http://example.org/gmark/46
http://example.org/gmark/34,http://example.org/gmark/44,http://example.org/gmark/46,http://example.org/gmark/46
http://example.org/gmark/33,http://example.org/gmark/44,http://example.org/gmark/46,http://example.org/gmark/46
http://example.org/gmark/26,http://example.org/gmark/44,http://example.org/gmark/46,http://example.org/gmark/46
http://example.org/gmark/27,http://example.org/gmark/44,http://example.org/gmark/46,http://example.org/gmark/46
http://example.org/gmark/35,http://example.org/gmark/44,http://example.org/gmark/46,http://example.org/gmark/46
http://example.org/gmark/39,http://example.org/gmark/44,http://example.org/gmark/46,http://example.org/gmark/46
http://example.org/gmark/29,http://example.org/gmark/41,http://example.org/gmark/46,http://example.org/gmark/46
http://example.org/gmark/34,http://example.org/gmark/41,http://example.org/gmark/46,http://example.org/gmark/46
http://example.org/gmark/33,http://example.org/gmark/41,http://example.org/gmark/46,http://example.org/gmark/46
http://example.org/gmark/26,http://example.org/gmark/41,http://example.org/gmark/46,http://example.org/gmark/46
http://example.org/gmark/27,http://example.org/gmark/41,http://example.org/gmark/46,http://example.org/gmark/46
http://example.org/gmark/35,http://example.org/gmark/41,http://example.org/gmark/46,http://example.org/gmark/46
http://example.org/gmark/39,http://example.org/gmark/41,http://example.org/gmark/46,http://example.org/gmark/46
http://example.org/gmark/29,http://example.org/gmark/40,http://example.org/gmark/46,http://example.org/gmark/46
http://example.org/gmark/34,http://example.org/gmark/40,http://example.org/gmark/46,http://example.org/gmark/46
http://example.org/gmark/33,http://example.org/gmark/40,http://example.org/gmark/46,http://example.org/gmark/46
http://example.org/gmark/26,http://example.org/gmark/40,http://example.org/gmark/46,http://example.org/gmark/46
http://example.org/gmark/27,http://example.org/gmark/40,http://example.org/gmark/46,http://example.org/gmark/46
http://example.org/gmark/35,http://example.org/gmark/40,http://example.org/gmark/46,http://example.org/gmark/46
http://example.org/gmark/39,http://example.org/gmark/40,http://example.org/gmark/46,http://example.org/gmark/46
http://example.org/gmark/25,http://example.org/gmark/42,http://example.org/gmark/47,http://example.org/gmark/47
http://example.org/gmark/28,http://example.org/gmark/42,http://example.org/gmark/47,http://example.org/gmark/47
http://example.org/gmark/36,http://example.org/gmark/42,http://example.org/gmark/47,http://example.org/gmark/47
http://example.org/gmark/25,http://example.org/gmark/42,http://example.org/gmark/49,http://example.org/gmark/49
http://example.org/gmark/28,http://example.org/gmark/42,http://example.org/gmark/49,http://example.org/gmark/49
http://example.org/gmark/36,http://example.org/gmark/42,http://example.org/gmark/49,http://example.org/gmark/49
http://example.org/gmark/30,http://example.org/gmark/42,http://example.org/gmark/49,http://example.org/gmark/49
http://example.org/gmark/33,http://example.org/gmark/44,http://example.org/gmark/48,http://example.org/gmark/48
http://example.org/gmark/26,http://example.org/gmark/44,http://example.org/gmark/48,http://example.org/gmark/48
http://example.org/gmark/27,http://example.org/gmark/44,http://example.org/gmark/48,http://example.org/gmark/48
http://example.org/gmark/29,http://example.org/gmark/44,http://example.org/gmark/48,http://example.org/gmark/48
http://example.org/gmark/35,http://example.org/gmark/44,http://example.org/gmark/48,http://example.org/gmark/48
http://example.org/gmark/37,http://example.org/gmark/44,http://example.org/gmark/48,http://example.org/gmark/48
http://example.org/gmark/34,http://example.org/gmark/44,http://example.org/gmark/48,http://example.org/gmark/48
http://example.org/gmark/38,http://example.org/gmark/44,http://example.org/gmark/48,http://example.org/gmark/48
http://example.org/gmark/33,http://example.org/gmark/41,http://example.org/gmark/48,http://example.org/gmark/48
http://example.org/gmark/26,http://example.org/gmark/41,http://example.org/gmark/48,http://example.org/gmark/48
http://example.org/gmark/27,http://example.org/gmark/41,http://example.org/gmark/48,http://example.org/gmark/48
http://example.org/gmark/29,http://example.org/gmark/41,http://example.org/gmark/48,http://example.org/gmark/48
http://example.org/gmark/35,http://example.org/gmark/41,http://example.org/gmark/48,http://example.org/gmark/48
http://example.org/gmark/37,http://example.org/gmark/41,http://example.org/gmark/48,http://example.org/gmark/48
http://example.org/gmark/34,http://example.org/gmark/41,http://example.org/gmark/48,http://example.org/gmark/48
http://example.org/gmark/38,http://example.org/gmark/41,http://example.org/gmark/48,http://example.org/gmark/48
http://example.org/gmark/33,http://example.org/gmark/40,http://example.org/gmark/48,http://example.org/gmark/48
http://example.org/gmark/26,http://example.org/gmark/40,http://example.org/gmark/48,http://example.org/gmark/48
http://example.org/gmark/27,http://example.org/gmark/40,http://example.org/gmark/48,http://example.org/gmark/48
http://example.org/gmark/29,http://example.org/gmark/40,http://example.org/gmark/48,http://example.org/gmark/48
http://example.org/gmark/35,http://example.org/gmark/40,http://example.org/gmark/48,http://example.org/gmark/48
http://example.org/gmark/37,http://example.org/gmark/40,http://example.org/gmark/48,http://example.org/gmark/48
http://example.org/gmark/34,http://example.org/gmark/40,http://example.org/gmark/48,http://example.org/gmark/48
http://example.org/gmark/38,http://example.org/gmark/40,http://example.org/gmark/48,http://example.org/gmark/48
