x0,x1,x2
http://example.org/gmark/59,http://example.org/gmark/59,http://example.org/gmark/59
http://example.org/gmark/57,http://example.org/gmark/57,http://example.org/gmark/57
http://example.org/gmark/57,http://example.org/gmark/57,http://example.org/gmark/74
http://example.org/gmark/57,http://example.org/gmark/57,http://example.org/gmark/72
http://example.org/gmark/57,http://example.org/gmark/57,http://example.org/gmark/62
http://example.org/gmark/57,http://example.org/gmark/57,http://example.org/gmark/54
http://example.org/gmark/57,http://example.org/gmark/57,http://example.org/gmark/52
http://example.org/gmark/57,http://example.org/gmark/57,http://example.org/gmark/58
http://example.org/gmark/74,http://example.org/gmark/57,http://example.org/gmark/57
http://example.org/gmark/74,http://example.org/gmark/57,http://example.org/gmark/74
http://example.org/gmark/74,http://example.org/gmark/57,http://example.org/gmark/72
http://example.org/gmark/74,http://example.org/gmark/57,http://example.org/gmark/62
http://example.org/gmark/74,http://example.org/gmark/57,http://example.org/gmark/54
http://example.org/gmark/74,http://example.org/gmark/57,http://example.org/gmark/52
http://example.org/gmark/74,http://example.org/gmark/57,http://example.org/gmark/58
http://example.org/gmark/72,http://example.org/gmark/57,http://example.org/gmark/57
http://example.org/gmark/72,http://example.org/gmark/57,http://example.org/gmark/74
http://example.org/gmark/72,http://example.org/gmark/57,http://example.org/gmark/72
http://example.org/gmark/72,http://example.org/gmark/57,http://example.org/gmark/62
http://example.org/gmark/72,http://example.org/gmark/57,http://example.org/gmark/54
http://example.org/gmark/72,http://example.org/gmark/57,http://example.org/gmark/52
http://example.org/gmark/72,http://example.org/gmark/57,http://example.org/gmark/58
http://example.org/gmark/62,http://example.org/gmark/57,http://example.org/gmark/57
http://example.org/gmark/62,http://example.org/gmark/57,http://example.org/gmark/74
http://example.org/gmark/62,http://example.org/gmark/57,http://example.org/gmark/72
http://example.org/gmark/62,http://example.org/gmark/57,http://example.org/gmark/62
http://example.org/gmark/62,http://example.org/gmark/57,http://example.org/gmark/54
http://example.org/gmark/62,http://example.org/gmark/57,http://example.org/gmark/52
http://example.org/gmark/62,http://example.org/gmark/57,http://example.org/gmark/58
http://example.org/gmark/54,http://example.org/gmark/57,http://example.org/gmark/57
http://example.org/gmark/54,http://example.org/gmark/57,http://example.org/gmark/74
http://example.org/gmark/54,http://example.org/gmark/57,http://example.org/gmark/72
http://example.org/gmark/54,http://example.org/gmark/57,http://example.org/gmark/62
http://example.org/gmark/54,http://example.org/gmark/57,http://example.org/gmark/54
http://example.org/gmark/54,http://example.org/gmark/57,http://example.org/gmark/52
http://example.org/gmark/54,http://example.org/gmark/57,http://example.org/gmark/58
http://example.org/gmark/52,http://example.org/gmark/57,http://example.org/gmark/57
http://example.org/gmark/52,http://example.org/gmark/57,http://example.org/gmark/74
http://example.org/gmark/52,http://example.org/gmark/57,http://example.org/gmark/72
http://example.org/gmark/52,http://example.org/gmark/57,http://example.org/gmark/62
http://example.org/gmark/52,http://example.org/gmark/57,http://example.org/gmark/54
http://example.org/gmark/52,http://example.org/gmark/57,http://example.org/gmark/52
http://example.org/gmark/52,http://example.org/gmark/57,http://example.org/gmark/58
http://example.org/gmark/58,http://example.org/gmark/57,http://example.org/gmark/57
http://example.org/gmark/58,http://example.org/gmark/57,http://example.org/gmark/74
http://example.org/gmark/58,http://example.org/gmark/57,http://example.org/gmark/72
http://example.org/gmark/58,http://example.org/gmark/57,http://example.org/gmark/62
http://example.org/gmark/58,http://example.org/gmark/57,http://example.org/gmark/54
http://example.org/gmark/58,http://example.org/gmark/57,http://example.org/gmark/52
http://example.org/gmark/58,http://example.org/gmark/57,http://example.org/gmark/58
http://example.org/gmark/57,http://example.org/gmark/74,http://example.org/gmark/74
http://example.org/gmark/57,http://example.org/gmark/74,http://example.org/gmark/57
http://example.org/gmark/57,http://example.org/gmark/74,http://example.org/gmark/72
http://example.org/gmark/57,http://example.org/gmark/74,http://example.org/gmark/62
http://example.org/gmark/57,http://example.org/gmark/74,http://example.org/gmark/54
http://example.org/gmark/57,http://example.org/gmark/74,http://example.org/gmark/52
http://example.org/gmark/57,http://example.org/gmark/74,http://example.org/gmark/58
http://example.org/gmark/74,http://example.org/gmark/74,http://example.org/gmark/74
http://example.org/gmark/74,http://example.org/gmark/74,http://example.org/gmark/57
http://example.org/gmark/74,http://example.org/gmark/74,http://example.org/gmark/72
http://example.org/gmark/74,http://example.org/gmark/74,http://example.org/gmark/62
http://example.org/gmark/74,http://example.org/gmark/74,http://example.org/gmark/54
http://example.org/gmark/74,http://example.org/gmark/74,http://example.org/gmark/52
http://example.org/gmark/74,http://example.org/gmark/74,http://example.org/gmark/58
http://example.org/gmark/72,http://example.org/gmark/74,http://example.org/gmark/74
http://example.org/gmark/72,http://example.org/gmark/74,http://example.org/gmark/57
http://example.org/gmark/72,http://example.org/gmark/74,http://example.org/gmark/72
http://example.org/gmark/72,http://example.org/gmark/74,http://example.org/gmark/62
http://example.org/gmark/72,http://example.org/gmark/74,http://example.org/gmark/54
http://example.org/gmark/72,http://example.org/gmark/74,http://example.org/gmark/52
http://example.org/gmark/72,http://example.org/gmark/74,http://example.org/gmark/58
http://example.org/gmark/62,http://example.org/gmark/74,http://example.org/gmark/74
http://example.org/gmark/62,http://example.org/gmark/74,http://example.org/gmark/57
http://example.org/gmark/62,http://example.org/gmark/74,http://example.org/gmark/72
http://example.org/gmark/62,http://example.org/gmark/74,http://example.org/gmark/62
http://example.org/gmark/62,http://example.org/gmark/74,http://example.org/gmark/54
http://example.org/gmark/62,http://example.org/gmark/74,http://example.org/gmark/52
http://example.org/gmark/62,http://example.org/gmark/74,http://example.org/gmark/58
http://example.org/gmark/54,http://example.org/gmark/74,http://example.org/gmark/74
http://example.org/gmark/54,http://example.org/gmark/74,http://example.org/gmark/57
http://example.org/gmark/54,http://example.org/gmark/74,http://example.org/gmark/72
http://example.org/gmark/54,http://example.org/gmark/74,http://example.org/gmark/62
http://example.org/gmark/54,http://example.org/gmark/74,http://example.org/gmark/54
http://example.org/gmark/54,http://example.org/gmark/74,http://example.org/gmark/52
http://example.org/gmark/54,http://example.org/gmark/74,http://example.org/gmark/58
http://example.org/gmark/52,http://example.org/gmark/74,http://example.org/gmark/74
http://example.org/gmark/52,http://example.org/gmark/74,http://example.org/gmark/57
http://example.org/gmark/52,http://example.org/gmark/74,http://example.org/gmark/72
http://example.org/gmark/52,http://example.org/gmark/74,http://example.org/gmark/62
http://example.org/gmark/52,http://example.org/gmark/74,http://example.org/gmark/54
http://example.org/gmark/52,http://example.org/gmark/74,http://example.org/gmark/52
http://example.org/gmark/52,http://example.org/gmark/74,http://example.org/gmark/58
http://example.org/gmark/58,http://example.org/gmark/74,http://example.org/gmark/74
http://example.org/gmark/58,http://example.org/gmark/74,http://example.org/gmark/57
http://example.org/gmark/58,http://example.org/gmark/74,http://example.org/gmark/72
http://example.org/gmark/58,http://example.org/gmark/74,http://example.org/gmark/62
http://example.org/gmark/58,http://example.org/gmark/74,http://example.org/gmark/54
http://example.org/gmark/58,http://example.org/gmark/74,http://example.org/gmark/52
http://example.org/gmark/58,http://example.org/gmark/74,http://example.org/gmark/58
http://example.org/gmark/75,http://example.org/gmark/75,http://example.org/gmark/75
http://example.org/gmark/75,http://example.org/gmark/75,http://example.org/gmark/66
http://example.org/gmark/75,http://example.org/gmark/75,http://example.org/gmark/65
http://example.org/gmark/75,http://example.org/gmark/75,http://example.org/gmark/77
http://example.org/gmark/66,http://example.org/gmark/75,http://example.org/gmark/75
http://example.org/gmark/66,http://example.org/gmark/75,http://example.org/gmark/66
http://example.org/gmark/66,http://example.org/gmark/75,http://example.org/gmark/65
http://example.org/gmark/66,http://example.org/gmark/75,http://example.org/gmark/77
http://example.org/gmark/65,http://example.org/gmark/75,http://example.org/gmark/75
http://example.org/gmark/65,http://example.org/gmark/75,http://example.org/gmark/66
http://example.org/gmark/65,http://example.org/gmark/75,http://example.org/gmark/65
http://example.org/gmark/65,http://example.org/gmark/75,http://example.org/gmark/77
http://example.org/gmark/77,http://example.org/gmark/75,http://example.org/gmark/75
http://example.org/gmark/77,http://example.org/gmark/75,http://example.org/gmark/66
http://example.org/gmark/77,http://example.org/gmark/75,http://example.org/gmark/65
http://example.org/gmark/77,http://example.org/gmark/75,http://example.org/gmark/77
http://example.org/gmark/57,http://example.org/gmark/72,http://example.org/gmark/72
http://example.org/gmark/57,http://example.org/gmark/72,http://example.org/gmark/57
http://example.org/gmark/57,http://example.org/gmark/72,http://example.org/gmark/74
http://example.org/gmark/57,http://example.org/gmark/72,http://example.org/gmark/62
http://example.org/gmark/57,http://example.org/gmark/72,http://example.org/gmark/54
http://example.org/gmark/57,http://example.org/gmark/72,http://example.org/gmark/52
http://example.org/gmark/57,http://example.org/gmark/72,http://example.org/gmark/58
http://example.org/gmark/74,http://example.org/gmark/72,http://example.org/gmark/72
http://example.org/gmark/74,http://example.org/gmark/72,http://example.org/gmark/57
http://example.org/gmark/74,http://example.org/gmark/72,http://example.org/gmark/74
http://example.org/gmark/74,http://example.org/gmark/72,http://example.org/gmark/62
http://example.org/gmark/74,http://example.org/gmark/72,http://example.org/gmark/54
http://example.org/gmark/74,http://example.org/gmark/72,http://example.org/gmark/52
http://example.org/gmark/74,http://example.org/gmark/72,http://example.org/gmark/58
http://example.org/gmark/72,http://example.org/gmark/72,http://example.org/gmark/72
http://example.org/gmark/72,http://example.org/gmark/72,http://example.org/gmark/57
http://example.org/gmark/72,http://example.org/gmark/72,http://example.org/gmark/74
http://example.org/gmark/72,http://example.org/gmark/72,http://example.org/gmark/62
http://example.org/gmark/72,http://example.org/gmark/72,http://example.org/gmark/54
http://example.org/gmark/72,http://example.org/gmark/72,http://example.org/gmark/52
http://example.org/gmark/72,http://example.org/gmark/72,http://example.org/gmark/58
http://example.org/gmark/62,http://example.org/gmark/72,http://example.org/gmark/72
http://example.org/gmark/62,http://example.org/gmark/72,http://example.org/gmark/57
http://example.org/gmark/62,http://example.org/gmark/72,http://example.org/gmark/74
http://example.org/gmark/62,http://example.org/gmark/72,http://example.org/gmark/62
http://example.org/gmark/62,http://example.org/gmark/72,http://example.org/gmark/54
http://example.org/gmark/62,http://example.org/gmark/72,http://example.org/gmark/52
http://example.org/gmark/62,http://example.org/gmark/72,http://example.org/gmark/58
http://example.org/gmark/54,http://example.org/gmark/72,http://example.org/gmark/72
http://example.org/gmark/54,http://example.org/gmark/72,http://example.org/gmark/57
http://example.org/gmark/54,http://example.org/gmark/72,http://example.org/gmark/74
http://example.org/gmark/54,http://example.org/gmark/72,http://example.org/gmark/62
http://example.org/gmark/54,http://example.org/gmark/72,http://example.org/gmark/54
http://example.org/gmark/54,http://example.org/gmark/72,http://example.org/gmark/52
http://example.org/gmark/54,http://example.org/gmark/72,http://example.org/gmark/58
http://example.org/gmark/52,http://example.org/gmark/72,http://example.org/gmark/72
http://example.org/gmark/52,http://example.org/gmark/72,http://example.org/gmark/57
http://example.org/gmark/52,http://example.org/gmark/72,http://example.org/gmark/74
http://example.org/gmark/52,http://example.org/gmark/72,http://example.org/gmark/62
http://example.org/gmark/52,http://example.org/gmark/72,http://example.org/gmark/54
http://example.org/gmark/52,http://example.org/gmark/72,http://example.org/gmark/52
http://example.org/gmark/52,http://example.org/gmark/72,http://example.org/gmark/58
http://example.org/gmark/58,http://example.org/gmark/72,http://example.org/gmark/72
http://example.org/gmark/58,http://example.org/gmark/72,http://example.org/gmark/57
http://example.org/gmark/58,http://example.org/gmark/72,http://example.org/gmark/74
http://example.org/gmark/58,http://example.org/gmark/72,http://example.org/gmark/62
http://example.org/gmark/58,http://example.org/gmark/72,http://example.org/gmark/54
http://example.org/gmark/58,http://example.org/gmark/72,http://example.org/gmark/52
http://example.org/gmark/58,http://example.org/gmark/72,http://example.org/gmark/58
http://example.org/gmark/56,http://example.org/gmark/56,http://example.org/gmark/56
http://example.org/gmark/56,http://example.org/gmark/56,http://example.org/gmark/70
http://example.org/gmark/70,http://example.org/gmark/56,http://example.org/gmark/56
http://example.org/gmark/70,http://example.org/gmark/56,http://example.org/gmark/70
http://example.org/gmark/64,http://example.org/gmark/64,http://example.org/gmark/64
http://example.org/gmark/64,http://example.org/gmark/64,http://example.org/gmark/73
http://example.org/gmark/64,http://example.org/gmark/64,http://example.org/gmark/68
http://example.org/gmark/64,http://example.org/gmark/64,http://example.org/gmark/69
http://example.org/gmark/64,http://example.org/gmark/64,http://example.org/gmark/60
http://example.org/gmark/73,http://example.org/gmark/64,http://example.org/gmark/64
http://example.org/gmark/73,http://example.org/gmark/64,http://example.org/gmark/73
http://example.org/gmark/73,http://example.org/gmark/64,http://example.org/gmark/68
http://example.org/gmark/73,http://example.org/gmark/64,http://example.org/gmark/69
http://example.org/gmark/73,http://example.org/gmark/64,http://example.org/gmark/60
http://example.org/gmark/68,http://example.org/gmark/64,http://example.org/gmark/64
http://example.org/gmark/68,http://example.org/gmark/64,http://example.org/gmark/73
http://example.org/gmark/68,http://example.org/gmark/64,http://example.org/gmark/68
http://example.org/gmark/68,http://example.org/gmark/64,http://example.org/gmark/69
http://example.org/gmark/68,http://example.org/gmark/64,http://example.org/gmark/60
http://example.org/gmark/69,http://example.org/gmark/64,http://example.org/gmark/64
http://example.org/gmark/69,http://example.org/gmark/64,http://example.org/gmark/73
http://example.org/gmark/69,http://example.org/gmark/64,http://example.org/gmark/68
http://example.org/gmark/69,http://example.org/gmark/64,http://example.org/gmark/69
http://example.org/gmark/69,http://example.org/gmark/64,http://example.org/gmark/60
http://example.org/gmark/60,http://example.org/gmark/64,http://example.org/gmark/64
http://example.org/gmark/60,http://example.org/gmark/64,http://example.org/gmark/73
http://example.org/gmark/60,http://example.org/gmark/64,http://example.org/gmark/68
http://example.org/gmark/60,http://example.org/gmark/64,http://example.org/gmark/69
http://example.org/gmark/60,http://example.org/gmark/64,http://example.org/gmark/60
http://example.org/gmark/64,http://example.org/gmark/73,http://example.org/gmark/73
http://example.org/gmark/64,http://example.org/gmark/73,http://example.org/gmark/64
http://example.org/gmark/64,http://example.org/gmark/73,http://example.org/gmark/68
http://example.org/gmark/64,http://example.org/gmark/73,http://example.org/gmark/69
http://example.org/gmark/64,http://example.org/gmark/73,http://example.org/gmark/60
http://example.org/gmark/73,http://example.org/gmark/73,http://example.org/gmark/73
http://example.org/gmark/73,http://example.org/gmark/73,http://example.org/gmark/64
http://example.org/gmark/73,http://example.org/gmark/73,http://example.org/gmark/68
http://example.org/gmark/73,http://example.org/gmark/73,http://example.org/gmark/69
http://example.org/gmark/73,http://example.org/gmark/73,http://example.org/gmark/60
http://example.org/gmark/68,http://example.org/gmark/73,http://example.org/gmark/73
http://example.org/gmark/68,http://example.org/gmark/73,http://example.org/gmark/64
http://example.org/gmark/68,http://example.org/gmark/73,http://example.org/gmark/68
http://example.org/gmark/68,http://example.org/gmark/73,http://example.org/gmark/69
http://example.org/gmark/68,http://example.org/gmark/73,http://example.org/gmark/60
http://example.org/gmark/69,http://example.org/gmark/73,http://example.org/gmark/73
http://example.org/gmark/69,http://example.org/gmark/73,http://example.org/gmark/64
http://example.org/gmark/69,http://example.org/gmark/73,http://example.org/gmark/68
http://example.org/gmark/69,http://example.org/gmark/73,http://example.org/gmark/69
http://example.org/gmark/69,http://example.org/gmark/73,http://example.org/gmark/60
http://example.org/gmark/60,http://example.org/gmark/73,http://example.org/gmark/73
http://example.org/gmark/60,http://example.org/gmark/73,http://example.org/gmark/64
http://example.org/gmark/60,http://example.org/gmark/73,http://example.org/gmark/68
http://example.org/gmark/60,http://example.org/gmark/73,http://example.org/gmark/69
http://example.org/gmark/60,http://example.org/gmark/73,http://example.org/gmark/60
http://example.org/gmark/71,http://example.org/gmark/71,http://example.org/gmark/71
http://example.org/gmark/71,http://example.org/gmark/71,http://example.org/gmark/61
http://example.org/gmark/71,http://example.org/gmark/71,http://example.org/gmark/79
http://example.org/gmark/71,http://example.org/gmark/71,http://example.org/gmark/55
http://example.org/gmark/61,http://example.org/gmark/71,http://example.org/gmark/71
http://example.org/gmark/61,http://example.org/gmark/71,http://example.org/gmark/61
http://example.org/gmark/61,http://example.org/gmark/71,http://example.org/gmark/79
http://example.org/gmark/61,http://example.org/gmark/71,http://example.org/gmark/55
http://example.org/gmark/79,http://example.org/gmark/71,http://example.org/gmark/71
http://example.org/gmark/79,http://example.org/gmark/71,http://example.org/gmark/61
http://example.org/gmark/79,http://example.org/gmark/71,http://example.org/gmark/79
http://example.org/gmark/79,http://example.org/gmark/71,http://example.org/gmark/55
http://example.org/gmark/55,http://example.org/gmark/71,http://example.org/gmark/71
http://example.org/gmark/55,http://example.org/gmark/71,http://example.org/gmark/61
http://example.org/gmark/55,http://example.org/gmark/71,http://example.org/gmark/79
http://example.org/gmark/55,http://example.org/gmark/71,http://example.org/gmark/55
http://example.org/gmark/75,http://example.org/gmark/66,http://example.org/gmark/66
http://example.org/gmark/75,http://example.org/gmark/66,http://example.org/gmark/75
http://example.org/gmark/75,http://example.org/gmark/66,http://example.org/gmark/65
http://example.org/gmark/75,http://example.org/gmark/66,http://example.org/gmark/77
http://example.org/gmark/66,http://example.org/gmark/66,http://example.org/gmark/66
http://example.org/gmark/66,http://example.org/gmark/66,http://example.org/gmark/75
http://example.org/gmark/66,http://example.org/gmark/66,http://example.org/gmark/65
http://example.org/gmark/66,http://example.org/gmark/66,http://example.org/gmark/77
http://example.org/gmark/65,http://example.org/gmark/66,http://example.org/gmark/66
http://example.org/gmark/65,http://example.org/gmark/66,http://example.org/gmark/75
http://example.org/gmark/65,http://example.org/gmark/66,http://example.org/gmark/65
http://example.org/gmark/65,http://example.org/gmark/66,http://example.org/gmark/77
http://example.org/gmark/77,http://example.org/gmark/66,http://example.org/gmark/66
http://example.org/gmark/77,http://example.org/gmark/66,http://example.org/gmark/75
http://example.org/gmark/77,http://example.org/gmark/66,http://example.org/gmark/65
http://example.org/gmark/77,http://example.org/gmark/66,http://example.org/gmark/77
http://example.org/gmark/76,http://example.org/gmark/76,http://example.org/gmark/76
http://example.org/gmark/76,http://example.org/gmark/76,http://example.org/gmark/50
http://example.org/gmark/76,http://example.org/gmark/76,http://example.org/gmark/67
http://example.org/gmark/50,http://example.org/gmark/76,http://example.org/gmark/76
http://example.org/gmark/50,http://example.org/gmark/76,http://example.org/gmark/50
http://example.org/gmark/50,http://example.org/gmark/76,http://example.org/gmark/67
http://example.org/gmark/67,http://example.org/gmark/76,http://example.org/gmark/76
http://example.org/gmark/67,http://example.org/gmark/76,http://example.org/gmark/50
http://example.org/gmark/67,http://example.org/gmark/76,http://example.org/gmark/67
http://example.org/gmark/64,http://example.org/gmark/68,http://example.org/gmark/68
http://example.org/gmark/64,http://example.org/gmark/68,http://example.org/gmark/64
http://example.org/gmark/64,http://example.org/gmark/68,http://example.org/gmark/73
http://example.org/gmark/64,http://example.org/gmark/68,http://example.org/gmark/69
http://example.org/gmark/64,http://example.org/gmark/68,http://example.org/gmark/60
http://example.org/gmark/73,http://example.org/gmark/68,http://example.org/gmark/68
http://example.org/gmark/73,http://example.org/gmark/68,http://example.org/gmark/64
http://example.org/gmark/73,http://example.org/gmark/68,http://example.org/gmark/73
http://example.org/gmark/73,http://example.org/gmark/68,http://example.org/gmark/69
http://example.org/gmark/73,http://example.org/gmark/68,http://example.org/gmark/60
http://example.org/gmark/68,http://example.org/gmark/68,http://example.org/gmark/68
http://example.org/gmark/68,http://example.org/gmark/68,http://example.org/gmark/64
http://example.org/gmark/68,http://example.org/gmark/68,http://example.org/gmark/73
http://example.org/gmark/68,http://example.org/gmark/68,http://example.org/gmark/69
http://example.org/gmark/68,http://example.org/gmark/68,http://example.org/gmark/60
http://example.org/gmark/69,http://example.org/gmark/68,http://example.org/gmark/68
http://example.org/gmark/69,http://example.org/gmark/68,http://example.org/gmark/64
http://example.org/gmark/69,http://example.org/gmark/68,http://example.org/gmark/73
http://example.org/gmark/69,http://example.org/gmark/68,http://example.org/gmark/69
http://example.org/gmark/69,http://example.org/gmark/68,http://example.org/gmark/60
http://example.org/gmark/60,http://example.org/gmark/68,http://example.org/gmark/68
http://example.org/gmark/60,http://example.org/gmark/68,http://example.org/gmark/64
http://example.org/gmark/60,http://example.org/gmark/68,http://example.org/gmark/73
http://example.org/gmark/60,http://example.org/gmark/68,http://example.org/gmark/69
http://example.org/gmark/60,http://example.org/gmark/68,http://example.org/gmark/60
http://example.org/gmark/64,http://example.org/gmark/69,http://example.org/gmark/69
http://example.org/gmark/64,http://example.org/gmark/69,http://example.org/gmark/64
http://example.org/gmark/64,http://example.org/gmark/69,http://example.org/gmark/73
http://example.org/gmark/64,http://example.org/gmark/69,http://example.org/gmark/68
http://example.org/gmark/64,http://example.org/gmark/69,http://example.org/gmark/60
http://example.org/gmark/73,http://example.org/gmark/69,http://example.org/gmark/69
http://example.org/gmark/73,http://example.org/gmark/69,http://example.org/gmark/64
http://example.org/gmark/73,http://example.org/gmark/69,http://example.org/gmark/73
http://example.org/gmark/73,http://example.org/gmark/69,http://example.org/gmark/68
http://example.org/gmark/73,http://example.org/gmark/69,http://example.org/gmark/60
http://example.org/gmark/68,http://example.org/gmark/69,http://example.org/gmark/69
http://example.org/gmark/68,http://example.org/gmark/69,http://example.org/gmark/64
http://example.org/gmark/68,http://example.org/gmark/69,http://example.org/gmark/73
http://example.org/gmark/68,http://example.org/gmark/69,http://example.org/gmark/68
http://example.org/gmark/68,http://example.org/gmark/69,http://example.org/gmark/60
http://example.org/gmark/69,http://example.org/gmark/69,http://example.org/gmark/69
http://example.org/gmark/69,http://example.org/gmark/69,http://example.org/gmark/64
http://example.org/gmark/69,http://example.org/gmark/69,http://example.org/gmark/73
http://example.org/gmark/69,http://example.org/gmark/69,http://example.org/gmark/68
http://example.org/gmark/69,http://example.org/gmark/69,http://example.org/gmark/60
http://example.org/gmark/60,http://example.org/gmark/69,http://example.org/gmark/69
http://example.org/gmark/60,http://example.org/gmark/69,http://example.org/gmark/64
http://example.org/gmark/60,http://example.org/gmark/69,http://example.org/gmark/73
http://example.org/gmark/60,http://example.org/gmark/69,http://example.org/gmark/68
http://example.org/gmark/60,http://example.org/gmark/69,http://example.org/gmark/60
http://example.org/gmark/78,http://example.org/gmark/78,http://example.org/gmark/78
http://example.org/gmark/78,http://example.org/gmark/78,http://example.org/gmark/53
http://example.org/gmark/53,http://example.org/gmark/78,http://example.org/gmark/78
http://example.org/gmark/53,http://example.org/gmark/78,http://example.org/gmark/53
http://example.org/gmark/63,http://example.org/gmark/63,http://example.org/gmark/63
http://example.org/gmark/63,http://example.org/gmark/63,http://example.org/gmark/51
http://example.org/gmark/51,http://example.org/gmark/63,http://example.org/gmark/63
http://example.org/gmark/51,http://example.org/gmark/63,http://example.org/gmark/51
http://example.org/gmark/71,http://example.org/gmark/61,http://example.org/gmark/61
http://example.org/gmark/71,http://example.org/gmark/61,http://example.org/gmark/71
http://example.org/gmark/71,http://example.org/gmark/61,http://example.org/gmark/79
http://example.org/gmark/71,http://example.org/gmark/61,http://example.org/gmark/55
http://example.org/gmark/61,http://example.org/gmark/61,http://example.org/gmark/61
http://example.org/gmark/61,http://example.org/gmark/61,http://example.org/gmark/71
http://example.org/gmark/61,http://example.org/gmark/61,http://example.org/gmark/79
http://example.org/gmark/61,http://example.org/gmark/61,http://example.org/gmark/55
http://example.org/gmark/79,http://example.org/gmark/61,http://example.org/gmark/61
http://example.org/gmark/79,http://example.org/gmark/61,http://example.org/gmark/71
http://example.org/gmark/79,http://example.org/gmark/61,http://example.org/gmark/79
http://example.org/gmark/79,http://example.org/gmark/61,http://example.org/gmark/55
http://example.org/gmark/55,http://example.org/gmark/61,http://example.org/gmark/61
http://example.org/gmark/55,http://example.org/gmark/61,http://example.org/gmark/71
http://example.org/gmark/55,http://example.org/gmark/61,http://example.org/gmark/79
http://example.org/gmark/55,http://example.org/gmark/61,http://example.org/gmark/55
http://example.org/gmark/75,http://example.org/gmark/65,http://example.org/gmark/65
http://example.org/gmark/75,http://example.org/gmark/65,http://example.org/gmark/75
http://example.org/gmark/75,http://example.org/gmark/65,http://example.org/gmark/66
http://example.org/gmark/75,http://example.org/gmark/65,http://example.org/gmark/77
http://example.org/gmark/66,http://example.org/gmark/65,http://example.org/gmark/65
http://example.org/gmark/66,http://example.org/gmark/65,http://example.org/gmark/75
http://example.org/gmark/66,http://example.org/gmark/65,http://example.org/gmark/66
http://example.org/gmark/66,http://example.org/gmark/65,http://example.org/gmark/77
http://example.org/gmark/65,http://example.org/gmark/65,http://example.org/gmark/65
http://example.org/gmark/65,http://example.org/gmark/65,http://example.org/gmark/75
http://example.org/gmark/65,http://example.org/gmark/65,http://example.org/gmark/66
http://example.org/gmark/65,http://example.org/gmark/65,http://example.org/gmark/77
http://example.org/gmark/77,http://example.org/gmark/65,http://example.org/gmark/65
http://example.org/gmark/77,http://example.org/gmark/65,http://example.org/gmark/75
http://example.org/gmark/77,http://example.org/gmark/65,http://example.org/gmark/66
http://example.org/gmark/77,http://example.org/gmark/65,http://example.org/gmark/77
http://example.org/gmark/75,http://example.org/gmark/77,http://example.org/gmark/77
http://example.org/gmark/75,http://example.org/gmark/77,http://example.org/gmark/75
http://example.org/gmark/75,http://example.org/gmark/77,http://example.org/gmark/66
http://example.org/gmark/75,http://example.org/gmark/77,http://example.org/gmark/65
http://example.org/gmark/66,http://example.org/gmark/77,http://example.org/gmark/77
http://example.org/gmark/66,http://example.org/gmark/77,http://example.org/gmark/75
http://example.org/gmark/66,http://example.org/gmark/77,http://example.org/gmark/66
http://example.org/gmark/66,http://example.org/gmark/77,http://example.org/gmark/65
http://example.org/gmark/65,http://example.org/gmark/77,http://example.org/gmark/77
http://example.org/gmark/65,http://example.org/gmark/77,http://example.org/gmark/75
http://example.org/gmark/65,http://example.org/gmark/77,http://example.org/gmark/66
http://example.org/gmark/65,http://example.org/gmark/77,http://example.org/gmark/65
http://example.org/gmark/77,http://example.org/gmark/77,http://example.org/gmark/77
http://example.org/gmark/77,http://example.org/gmark/77,http://example.org/gmark/75
http://example.org/gmark/77,http://example.org/gmark/77,http://example.org/gmark/66
http://example.org/gmark/77,http://example.org/gmark/77,http://example.org/gmark/65
http://example.org/gmark/57,http://example.org/gmark/62,http://example.org/gmark/62
http://example.org/gmark/57,http://example.org/gmark/62,http://example.org/gmark/57
http://example.org/gmark/57,http://example.org/gmark/62,http://example.org/gmark/74
http://example.org/gmark/57,http://example.org/gmark/62,http://example.org/gmark/72
http://example.org/gmark/57,http://example.org/gmark/62,http://example.org/gmark/54
http://example.org/gmark/57,http://example.org/gmark/62,http://example.org/gmark/52
http://example.org/gmark/57,http://example.org/gmark/62,http://example.org/gmark/58
http://example.org/gmark/74,http://example.org/gmark/62,http://example.org/gmark/62
http://example.org/gmark/74,http://example.org/gmark/62,http://example.org/gmark/57
http://example.org/gmark/74,http://example.org/gmark/62,http://example.org/gmark/74
http://example.org/gmark/74,http://example.org/gmark/62,http://example.org/gmark/72
http://example.org/gmark/74,http://example.org/gmark/62,http://example.org/gmark/54
http://example.org/gmark/74,http://example.org/gmark/62,http://example.org/gmark/52
http://example.org/gmark/74,http://example.org/gmark/62,http://example.org/gmark/58
http://example.org/gmark/72,http://example.org/gmark/62,http://example.org/gmark/62
http://example.org/gmark/72,http://example.org/gmark/62,http://example.org/gmark/57
http://example.org/gmark/72,http://example.org/gmark/62,http://example.org/gmark/74
http://example.org/gmark/72,http://example.org/gmark/62,http://example.org/gmark/72
http://example.org/gmark/72,http://example.org/gmark/62,http://example.org/gmark/54
http://example.org/gmark/72,http://example.org/gmark/62,http://example.org/gmark/52
http://example.org/gmark/72,http://example.org/gmark/62,http://example.org/gmark/58
http://example.org/gmark/62,http://example.org/gmark/62,http://example.org/gmark/62
http://example.org/gmark/62,http://example.org/gmark/62,http://example.org/gmark/57
http://example.org/gmark/62,http://example.org/gmark/62,http://example.org/gmark/74
http://example.org/gmark/62,http://example.org/gmark/62,http://example.org/gmark/72
http://example.org/gmark/62,http://example.org/gmark/62,http://example.org/gmark/54
http://example.org/gmark/62,http://example.org/gmark/62,http://example.org/gmark/52
http://example.org/gmark/62,http://example.org/gmark/62,http://example.org/gmark/58
http://example.org/gmark/54,http://example.org/gmark/62,http://example.org/gmark/62
http://example.org/gmark/54,http://example.org/gmark/62,http://example.org/gmark/57
http://example.org/gmark/54,http://example.org/gmark/62,http://example.org/gmark/74
http://example.org/gmark/54,http://example.org/gmark/62,http://example.org/gmark/72
http://example.org/gmark/54,http://example.org/gmark/62,http://example.org/gmark/54
http://example.org/gmark/54,http://example.org/gmark/62,http://example.org/gmark/52
http://example.org/gmark/54,http://example.org/gmark/62,http://example.org/gmark/58
http://example.org/gmark/52,http://example.org/gmark/62,http://example.org/gmark/62
http://example.org/gmark/52,http://example.org/gmark/62,http://example.org/gmark/57
http://example.org/gmark/52,http://example.org/gmark/62,http://example.org/gmark/74
http://example.org/gmark/52,http://example.org/gmark/62,http://example.org/gmark/72
http://example.org/gmark/52,http://example.org/gmark/62,http://example.org/gmark/54
http://example.org/gmark/52,http://example.org/gmark/62,http://example.org/gmark/52
http://example.org/gmark/52,http://example.org/gmark/62,http://example.org/gmark/58
http://example.org/gmark/58,http://example.org/gmark/62,http://example.org/gmark/62
http://example.org/gmark/58,http://example.org/gmark/62,http://example.org/gmark/57
http://example.org/gmark/58,http://example.org/gmark/62,http://example.org/gmark/74
http://example.org/gmark/58,http://example.org/gmark/62,http://example.org/gmark/72
http://example.org/gmark/58,http://example.org/gmark/62,http://example.org/gmark/54
http://example.org/gmark/58,http://example.org/gmark/62,http://example.org/gmark/52
http://example.org/gmark/58,http://example.org/gmark/62,http://example.org/gmark/58
http://example.org/gmark/63,http://example.org/gmark/51,http://example.org/gmark/51
http://example.org/gmark/63,http://example.org/gmark/51,http://example.org/gmark/63
http://example.org/gmark/51,http://example.org/gmark/51,http://example.org/gmark/51
http://example.org/gmark/51,http://example.org/gmark/51,http://example.org/gmark/63
http://example.org/gmark/71,http://example.org/gmark/79,http://example.org/gmark/79
http://example.org/gmark/71,http://example.org/gmark/79,http://example.org/gmark/71
http://example.org/gmark/71,http://example.org/gmark/79,http://example.org/gmark/61
http://example.org/gmark/71,http://example.org/gmark/79,http://example.org/gmark/55
http://example.org/gmark/61,http://example.org/gmark/79,http://example.org/gmark/79
http://example.org/gmark/61,http://example.org/gmark/79,http://example.org/gmark/71
http://example.org/gmark/61,http://example.org/gmark/79,http://example.org/gmark/61
http://example.org/gmark/61,http://example.org/gmark/79,http://example.org/gmark/55
http://example.org/gmark/79,http://example.org/gmark/79,http://example.org/gmark/79
http://example.org/gmark/79,http://example.org/gmark/79,http://example.org/gmark/71
http://example.org/gmark/79,http://example.org/gmark/79,http://example.org/gmark/61
http://example.org/gmark/79,http://example.org/gmark/79,http://example.org/gmark/55
http://example.org/gmark/55,http://example.org/gmark/79,http://example.org/gmark/79
http://example.org/gmark/55,http://example.org/gmark/79,http://example.org/gmark/71
http://example.org/gmark/55,http://example.org/gmark/79,http://example.org/gmark/61
http://example.org/gmark/55,http://example.org/gmark/79,http://example.org/gmark/55
http://example.org/gmark/71,http://example.org/gmark/55,http://example.org/gmark/55
http://example.org/gmark/71,http://example.org/gmark/55,http://example.org/gmark/71
http://example.org/gmark/71,http://example.org/gmark/55,http://example.org/gmark/61
http://example.org/gmark/71,http://example.org/gmark/55,http://example.org/gmark/79
http://example.org/gmark/61,http://example.org/gmark/55,http://example.org/gmark/55
http://example.org/gmark/61,http://example.org/gmark/55,http://example.org/gmark/71
http://example.org/gmark/61,http://example.org/gmark/55,http://example.org/gmark/61
http://example.org/gmark/61,http://example.org/gmark/55,http://example.org/gmark/79
http://example.org/gmark/79,http://example.org/gmark/55,http://example.org/gmark/55
http://example.org/gmark/79,http://example.org/gmark/55,http://example.org/gmark/71
http://example.org/gmark/79,http://example.org/gmark/55,http://example.org/gmark/61
http://example.org/gmark/79,http://example.org/gmark/55,http://example.org/gmark/79
http://example.org/gmark/55,http://example.org/gmark/55,http://example.org/gmark/55
http://example.org/gmark/55,http://example.org/gmark/55,http://example.org/gmark/71
http://example.org/gmark/55,http://example.org/gmark/55,http://example.org/gmark/61
http://example.org/gmark/55,http://example.org/gmark/55,http://example.org/gmark/79
http://example.org/gmark/78,http://example.org/gmark/53,http://example.org/gmark/53
http://example.org/gmark/78,http://example.org/gmark/53,http://example.org/gmark/78
http://example.org/gmark/53,http://example.org/gmark/53,http://example.org/gmark/53
http://example.org/gmark/53,http://example.org/gmark/53,http://example.org/gmark/78
http://example.org/gmark/57,http://example.org/gmark/54,http://example.org/gmark/54
http://example.org/gmark/57,http://example.org/gmark/54,http://example.org/gmark/57
http://example.org/gmark/57,http://example.org/gmark/54,http://example.org/gmark/74
http://example.org/gmark/57,http://example.org/gmark/54,http://example.org/gmark/72
http://example.org/gmark/57,http://example.org/gmark/54,http://example.org/gmark/62
http://example.org/gmark/57,http://example.org/gmark/54,http://example.org/gmark/52
http://example.org/gmark/57,http://example.org/gmark/54,http://example.org/gmark/58
http://example.org/gmark/74,http://example.org/gmark/54,http://example.org/gmark/54
http://example.org/gmark/74,http://example.org/gmark/54,http://example.org/gmark/57
http://example.org/gmark/74,http://example.org/gmark/54,http://example.org/gmark/74
http://example.org/gmark/74,http://example.org/gmark/54,http://example.org/gmark/72
http://example.org/gmark/74,http://example.org/gmark/54,http://example.org/gmark/62
http://example.org/gmark/74,http://example.org/gmark/54,http://example.org/gmark/52
http://example.org/gmark/74,http://example.org/gmark/54,http://example.org/gmark/58
http://example.org/gmark/72,http://example.org/gmark/54,http://example.org/gmark/54
http://example.org/gmark/72,http://example.org/gmark/54,http://example.org/gmark/57
http://example.org/gmark/72,http://example.org/gmark/54,http://example.org/gmark/74
http://example.org/gmark/72,http://example.org/gmark/54,http://example.org/gmark/72
http://example.org/gmark/72,http://example.org/gmark/54,http://example.org/gmark/62
http://example.org/gmark/72,http://example.org/gmark/54,http://example.org/gmark/52
http://example.org/gmark/72,http://example.org/gmark/54,http://example.org/gmark/58
http://example.org/gmark/62,http://example.org/gmark/54,http://example.org/gmark/54
http://example.org/gmark/62,http://example.org/gmark/54,http://example.org/gmark/57
http://example.org/gmark/62,http://example.org/gmark/54,http://example.org/gmark/74
http://example.org/gmark/62,http://example.org/gmark/54,http://example.org/gmark/72
http://example.org/gmark/62,http://example.org/gmark/54,http://example.org/gmark/62
http://example.org/gmark/62,http://example.org/gmark/54,http://example.org/gmark/52
http://example.org/gmark/62,http://example.org/gmark/54,http://example.org/gmark/58
http://example.org/gmark/54,http://example.org/gmark/54,http://example.org/gmark/54
http://example.org/gmark/54,http://example.org/gmark/54,http://example.org/gmark/57
http://example.org/gmark/54,http://example.org/gmark/54,http://example.org/gmark/74
http://example.org/gmark/54,http://example.org/gmark/54,http://example.org/gmark/72
http://example.org/gmark/54,http://example.org/gmark/54,http://example.org/gmark/62
http://example.org/gmark/54,http://example.org/gmark/54,http://example.org/gmark/52
http://example.org/gmark/54,http://example.org/gmark/54,http://example.org/gmark/58
http://example.org/gmark/52,http://example.org/gmark/54,http://example.org/gmark/54
http://example.org/gmark/52,http://example.org/gmark/54,http://example.org/gmark/57
http://example.org/gmark/52,http://example.org/gmark/54,http://example.org/gmark/74
http://example.org/gmark/52,http://example.org/gmark/54,http://example.org/gmark/72
http://example.org/gmark/52,http://example.org/gmark/54,http://example.org/gmark/62
http://example.org/gmark/52,http://example.org/gmark/54,http://example.org/gmark/52
http://example.org/gmark/52,http://example.org/gmark/54,http://example.org/gmark/58
http://example.org/gmark/58,http://example.org/gmark/54,http://example.org/gmark/54
http://example.org/gmark/58,http://example.org/gmark/54,http://example.org/gmark/57
http://example.org/gmark/58,http://example.org/gmark/54,http://example.org/gmark/74
http://example.org/gmark/58,http://example.org/gmark/54,http://example.org/gmark/72
http://example.org/gmark/58,http://example.org/gmark/54,http://example.org/gmark/62
http://example.org/gmark/58,http://example.org/gmark/54,http://example.org/gmark/52
http://example.org/gmark/58,http://example.org/gmark/54,http://example.org/gmark/58
http://example.org/gmark/64,http://example.org/gmark/60,http://example.org/gmark/60
http://example.org/gmark/64,http://example.org/gmark/60,http://example.org/gmark/64
http://example.org/gmark/64,http://example.org/gmark/60,http://example.org/gmark/73
http://example.org/gmark/64,http://example.org/gmark/60,http://example.org/gmark/68
http://example.org/gmark/64,http://example.org/gmark/60,http://example.org/gmark/69
http://example.org/gmark/73,http://example.org/gmark/60,http://example.org/gmark/60
http://example.org/gmark/73,http://example.org/gmark/60,http://example.org/gmark/64
http://example.org/gmark/73,http://example.org/gmark/60,http://example.org/gmark/73
http://example.org/gmark/73,http://example.org/gmark/60,http://example.org/gmark/68
http://example.org/gmark/73,http://example.org/gmark/60,http://example.org/gmark/69
http://example.org/gmark/68,http://example.org/gmark/60,http://example.org/gmark/60
http://example.org/gmark/68,http://example.org/gmark/60,http://example.org/gmark/64
http://example.org/gmark/68,http://example.org/gmark/60,http://example.org/gmark/73
http://example.org/gmark/68,http://example.org/gmark/60,http://example.org/gmark/68
http://example.org/gmark/68,http://example.org/gmark/60,http://example.org/gmark/69
http://example.org/gmark/69,http://example.org/gmark/60,http://example.org/gmark/60
http://example.org/gmark/69,http://example.org/gmark/60,http://example.org/gmark/64
http://example.org/gmark/69,http://example.org/gmark/60,http://example.org/gmark/73
http://example.org/gmark/69,http://example.org/gmark/60,http://example.org/gmark/68
http://example.org/gmark/69,http://example.org/gmark/60,http://example.org/gmark/69
http://example.org/gmark/60,http://example.org/gmark/60,http://example.org/gmark/60
http://example.org/gmark/60,http://example.org/gmark/60,http://example.org/gmark/64
http://example.org/gmark/60,http://example.org/gmark/60,http://example.org/gmark/73
http://example.org/gmark/60,http://example.org/gmark/60,http://example.org/gmark/68
http://example.org/gmark/60,http://example.org/gmark/60,http://example.org/gmark/69
http://example.org/gmark/57,http://example.org/gmark/52,http://example.org/gmark/52
http://example.org/gmark/57,http://example.org/gmark/52,http://example.org/gmark/57
http://example.org/gmark/57,http://example.org/gmark/52,http://example.org/gmark/74
http://example.org/gmark/57,http://example.org/gmark/52,http://example.org/gmark/72
http://example.org/gmark/57,http://example.org/gmark/52,http://example.org/gmark/62
http://example.org/gmark/57,http://example.org/gmark/52,http://example.org/gmark/54
http://example.org/gmark/57,http://example.org/gmark/52,http://example.org/gmark/58
http://example.org/gmark/74,http://example.org/gmark/52,http://example.org/gmark/52
http://example.org/gmark/74,http://example.org/gmark/52,http://example.org/gmark/57
http://example.org/gmark/74,http://example.org/gmark/52,http://example.org/gmark/74
http://example.org/gmark/74,http://example.org/gmark/52,http://example.org/gmark/72
http://example.org/gmark/74,http://example.org/gmark/52,http://example.org/gmark/62
http://example.org/gmark/74,http://example.org/gmark/52,http://example.org/gmark/54
http://example.org/gmark/74,http://example.org/gmark/52,http://example.org/gmark/58
http://example.org/gmark/72,http://example.org/gmark/52,http://example.org/gmark/52
http://example.org/gmark/72,http://example.org/gmark/52,http://example.org/gmark/57
http://example.org/gmark/72,http://example.org/gmark/52,http://example.org/gmark/74
http://example.org/gmark/72,http://example.org/gmark/52,http://example.org/gmark/72
http://example.org/gmark/72,http://example.org/gmark/52,http://example.org/gmark/62
http://example.org/gmark/72,http://example.org/gmark/52,http://example.org/gmark/54
http://example.org/gmark/72,http://example.org/gmark/52,http://example.org/gmark/58
http://example.org/gmark/62,http://example.org/gmark/52,http://example.org/gmark/52
http://example.org/gmark/62,http://example.org/gmark/52,http://example.org/gmark/57
http://example.org/gmark/62,http://example.org/gmark/52,http://example.org/gmark/74
http://example.org/gmark/62,http://example.org/gmark/52,http://example.org/gmark/72
http://example.org/gmark/62,http://example.org/gmark/52,http://example.org/gmark/62
http://example.org/gmark/62,http://example.org/gmark/52,http://example.org/gmark/54
http://example.org/gmark/62,http://example.org/gmark/52,http://example.org/gmark/58
http://example.org/gmark/54,http://example.org/gmark/52,http://example.org/gmark/52
http://example.org/gmark/54,http://example.org/gmark/52,http://example.org/gmark/57
http://example.org/gmark/54,http://example.org/gmark/52,http://example.org/gmark/74
http://example.org/gmark/54,http://example.org/gmark/52,http://example.org/gmark/72
http://example.org/gmark/54,http://example.org/gmark/52,http://example.org/gmark/62
http://example.org/gmark/54,http://example.org/gmark/52,http://example.org/gmark/54
http://example.org/gmark/54,http://example.org/gmark/52,http://example.org/gmark/58
http://example.org/gmark/52,http://example.org/gmark/52,http://example.org/gmark/52
http://example.org/gmark/52,http://example.org/gmark/52,http://example.org/gmark/57
http://example.org/gmark/52,http://example.org/gmark/52,http://example.org/gmark/74
http://example.org/gmark/52,http://example.org/gmark/52,http://example.org/gmark/72
http://example.org/gmark/52,http://example.org/gmark/52,http://example.org/gmark/62
http://example.org/gmark/52,http://example.org/gmark/52,http://example.org/gmark/54
http://example.org/gmark/52,http://example.org/gmark/52,http://example.org/gmark/58
http://example.org/gmark/58,http://example.org/gmark/52,http://example.org/gmark/52
http://example.org/gmark/58,http://example.org/gmark/52,http://example.org/gmark/57
http://example.org/gmark/58,http://example.org/gmark/52,http://example.org/gmark/74
http://example.org/gmark/58,http://example.org/gmark/52,http://example.org/gmark/72
http://example.org/gmark/58,http://example.org/gmark/52,http://example.org/gmark/62
http://example.org/gmark/58,http://example.org/gmark/52,http://example.org/gmark/54
http://example.org/gmark/58,http://example.org/gmark/52,http://example.org/gmark/58
http://example.org/gmark/56,http://example.org/gmark/70,http://example.org/gmark/70
http://example.org/gmark/56,http://example.org/gmark/70,http://example.org/gmark/56
http://example.org/gmark/70,http://example.org/gmark/70,http://example.org/gmark/70
http://example.org/gmark/70,http://example.org/gmark/70,http://example.org/gmark/56
http://example.org/gmark/76,http://example.org/gmark/50,http://example.org/gmark/50
http://example.org/gmark/76,http://example.org/gmark/50,http://example.org/gmark/76
http://example.org/gmark/76,http://example.org/gmark/50,http://example.org/gmark/67
http://example.org/gmark/50,http://example.org/gmark/50,http://example.org/gmark/50
http://example.org/gmark/50,http://example.org/gmark/50,http://example.org/gmark/76
http://example.org/gmark/50,http://example.org/gmark/50,http://example.org/gmark/67
http://example.org/gmark/67,http://example.org/gmark/50,http://example.org/gmark/50
http://example.org/gmark/67,http://example.org/gmark/50,http://example.org/gmark/76
http://example.org/gmark/67,http://example.org/gmark/50,http://example.org/gmark/67
http://example.org/gmark/57,http://example.org/gmark/58,http://example.org/gmark/58
http://example.org/gmark/57,http://example.org/gmark/58,http://example.org/gmark/57
http://example.org/gmark/57,http://example.org/gmark/58,http://example.org/gmark/74
http://example.org/gmark/57,http://example.org/gmark/58,http://example.org/gmark/72
http://example.org/gmark/57,http://example.org/gmark/58,http://example.org/gmark/62
http://example.org/gmark/57,http://example.org/gmark/58,http://example.org/gmark/54
http://example.org/gmark/57,http://example.org/gmark/58,http://example.org/gmark/52
http://example.org/gmark/74,http://example.org/gmark/58,http://example.org/gmark/58
http://example.org/gmark/74,http://example.org/gmark/58,http://example.org/gmark/57
http://example.org/gmark/74,http://example.org/gmark/58,http://example.org/gmark/74
http://example.org/gmark/74,http://example.org/gmark/58,http://example.org/gmark/72
http://example.org/gmark/74,http://example.org/gmark/58,http://example.org/gmark/62
http://example.org/gmark/74,http://example.org/gmark/58,http://example.org/gmark/54
http://example.org/gmark/74,http://example.org/gmark/58,http://example.org/gmark/52
http://example.org/gmark/72,http://example.org/gmark/58,http://example.org/gmark/58
http://example.org/gmark/72,http://example.org/gmark/58,http://example.org/gmark/57
http://example.org/gmark/72,http://example.org/gmark/58,http://example.org/gmark/74
http://example.org/gmark/72,http://example.org/gmark/58,http://example.org/gmark/72
http://example.org/gmark/72,http://example.org/gmark/58,http://example.org/gmark/62
http://example.org/gmark/72,http://example.org/gmark/58,http://example.org/gmark/54
http://example.org/gmark/72,http://example.org/gmark/58,http://example.org/gmark/52
http://example.org/gmark/62,http://example.org/gmark/58,http://example.org/gmark/58
http://example.org/gmark/62,http://example.org/gmark/58,http://example.org/gmark/57
http://example.org/gmark/62,http://example.org/gmark/58,http://example.org/gmark/74
http://example.org/gmark/62,http://example.org/gmark/58,http://example.org/gmark/72
http://example.org/gmark/62,http://example.org/gmark/58,http://example.org/gmark/62
http://example.org/gmark/62,http://example.org/gmark/58,http://example.org/gmark/54
http://example.org/gmark/62,http://example.org/gmark/58,http://example.org/gmark/52
http://example.org/gmark/54,http://example.org/gmark/58,http://example.org/gmark/58
http://example.org/gmark/54,http://example.org/gmark/58,http://example.org/gmark/57
http://example.org/gmark/54,http://example.org/gmark/58,http://example.org/gmark/74
http://example.org/gmark/54,http://example.org/gmark/58,http://example.org/gmark/72
http://example.org/gmark/54,http://example.org/gmark/58,http://example.org/gmark/62
http://example.org/gmark/54,http://example.org/gmark/58,http://example.org/gmark/54
http://example.org/gmark/54,http://example.org/gmark/58,http://example.org/gmark/52
http://example.org/gmark/52,http://example.org/gmark/58,http://example.org/gmark/58
http://example.org/gmark/52,http://example.org/gmark/58,http://example.org/gmark/57
http://example.org/gmark/52,http://example.org/gmark/58,http://example.org/gmark/74
http://example.org/gmark/52,http://example.org/gmark/58,http://example.org/gmark/72
http://example.org/gmark/52,http://example.org/gmark/58,http://example.org/gmark/62
http://example.org/gmark/52,http://example.org/gmark/58,http://example.org/gmark/54
http://example.org/gmark/52,http://example.org/gmark/58,http://example.org/gmark/52
http://example.org/gmark/58,http://example.org/gmark/58,http://example.org/gmark/58
http://example.org/gmark/58,http://example.org/gmark/58,http://example.org/gmark/57
http://example.org/gmark/58,http://example.org/gmark/58,http://example.org/gmark/74
http://example.org/gmark/58,http://example.org/gmark/58,http://example.org/gmark/72
http://example.org/gmark/58,http://example.org/gmark/58,http://example.org/gmark/62
http://example.org/gmark/58,http://example.org/gmark/58,http://example.org/gmark/54
http://example.org/gmark/58,http://example.org/gmark/58,http://example.org/gmark/52
http://example.org/gmark/76,http://example.org/gmark/67,http://example.org/gmark/67
http://example.org/gmark/76,http://example.org/gmark/67,http://example.org/gmark/76
http://example.org/gmark/76,http://example.org/gmark/67,http://example.org/gmark/50
http://example.org/gmark/50,http://example.org/gmark/67,http://example.org/gmark/67
http://example.org/gmark/50,http://example.org/gmark/67,http://example.org/gmark/76
http://example.org/gmark/50,http://example.org/gmark/67,http://example.org/gmark/50
http://example.org/gmark/67,http://example.org/gmark/67,http://example.org/gmark/67
http://example.org/gmark/67,http://example.org/gmark/67,http://example.org/gmark/76
http://example.org/gmark/67,http://example.org/gmark/67,http://example.org/gmark/50
